name,price,addressLocality
2019 Ford F-250 Lariat,64970,Piedmont
"2011 Toyota Camry,NOW NEW PAINT JOB,No Dents,1-owner,Runs Perfectly",6500,Greenville
2008 Ford explorer 4x4,7200,Greenville
2021 RAM 1500 CREW CAB 4 X 4,39950,Greenville
VW Passat TDI SEL 2014,8435,Greenville
1989 Chev Caprice LS Brougham,5500,Greer
2011 BMW 328i 4 dr Sedan,5000,Greenville
2005 BMW 325i Coupe,3750,Greenville
2004 Chevrolet Malibu,3250,Simpsonville
2007 Mercury Grand Marquis GS Low Miles Like New,6000,Slater
2020 Manual Jeep Rubicon Gladiator,45000,Fountain Inn
2014 Honda Odyssey Touring Elite,18000,Greer
2012 HONDA ODYSSEY TOURING ELITE SUPER CLEAN (LOW MILES),8999,Greenville
07 Eddie Bauer explorer 4x4,8500,Greenville
BMW 335i - 2014,16500,Greer
"06 Saturn Vue,Loaded,Runs Perfectly,New Brakes,Rotors,No Issues",3000,Greenville
2004 Mercedes E320 Clean 110k miles,4500,Greenville
2012 BMW 650i Convertible,19900,Piedmont
2018 Chevy Tahoe,24000,Greer
2003 Honda pilot,2600,Greenville
*** 2012 MINI COOPER COUPE ***,5950,Greenville
1977 Pontiac Grand Prix SJ,8800,Greer
2005 Volvo S60,6800,Simpsonville
2007 Durango AWD,2500,Greer
2010 Nissan Rogue,4000,Simpsonville
2016 Toyota Corolla LE,10998,Greenville
2016 Toyota rav4 xle,16000,Fountain Inn
2009 scion xb,3200,Reidville
2006 HONDA CIVIC LX,4200,Greer
2006 Lexus RX400h,5500,Greer
"06 Saturn Vue,Loaded,Runs Amazing,New Brakes,Rotors,Reduced NOW Only",3000,Greenville
Mgc 1968,22000,Mauldin
"2019 Honda Ridgeline RTL-T - $28,000",28000,Greenville
"2019 Ford Transit Connect Cargo Van 120,266 Miles",23900,Greer
04 Toyota Camry,1000,Easley
2014 Ram Laramie Crew Cab,16500,Greenville
2011 BMW X5 35i,1300,Greenville
2006 Saturn Vue,6499,Greenville
69 mustang factory GT coupe,7500,Greenville
2007 Honda civic lx,3000,Greenville
Chevrolet sonic,5000,Greer
1940 Ford sedan,17000,Greenville
Truck,17500,Simpsonville
2004 Subaru Forester,6500,Greenville
2004 Ford F150 Super Cab V8 4.3,3500,Greer
2015 Nissan Pathfinder,12500,Fountain Inn
1990 Nissan Hardbody,2500,Greer
For sale Toyota camry LE,3900,Greenville
Mercedes cla 250 for sale by owner,6999,Piedmont
1994 Nissan 300ZX 5spd Convertible,19000,Simpsonville
1995 Impala SS,16750,Piedmont
2006 Mustang GT,26500,Piedmont
1996 Mazda B4000,4750,Greer
Classic 1981 Honda Civic,2400,Greenville
2015 Hyundai Elantra,7500,Easley
2004 Jeep Grand Cherokee Limited,4000,Piedmont
1995 Jeep Wrangler Reduced Price,7700,Greenville
Lifted 2008 Dodge Ram 2500 Truck,23000,Simpsonville
2005 Hummer H2,11200,Pelzer
2018 Chevrolet Malibu LT,5600,Pelzer
2020 Ford F150 5.0 4x4 SuperCrew 6.5 FT Bed Heavy Duty Tow Lifted,32000,Simpsonville
2016 Buick Verano Leather,7995,Fountain Inn
1996 Chevy Caprice - Police Package,2400,Greenville
2006 Corvette convertible,17000,Easley
2020 Big Tex Trailer,14000,Greer
VW CC Sport reliable LOW MILES,6300,Easley
2017 Audi A6 Premium Plus,19999,Simpsonville
2008 4Runner SR5 2WD,7299,Greenville
2016 WRX Premium - Stage 2,19600,Simpsonville
1998 Dump Truck,12500,Greer
2014 Black Hyundai Velost,8500,Greer
07 mercury monterrey Luxury,2500,Easley
Rare 2002 Lincoln Blackwood Truck,7500,Greer
"07 Ford escape 4 cylinder sold as is. $1,300 OBO",1300,Simpsonville
2009 BMW 535XI AWD,6500,Simpsonville
Volvo VNL730,11000,Greer
chevrolet van,11000,Piedmont
2008 bmw 328i,3500,Reidville
1965 Rambler-Ramblino • 1 of 1,19500,Greenville
2005 Chevy Tahoe Z71,6000,Greenville
Ford Expedition New Tires,19000,Taylors
2015 Ford Escape,8000,Greer
2003 Honda Element,1500,Greenville
69 mustang factory GT coupe,8500,Greenville
Mercedes,15500,Greer
1997 Ford f350,28700,Greenville
2020 Ford Explorer XLT,29500,Greer
2013 Ram 1500 5.7Hemi,9600,Piedmont
2021 Jeep Wrangler Sahara 4xe,41500,Piedmont
1997 reg cab obs,23500,Williamston
1977 Mark V11 Lincoln Continental,5000,Greenville
Mazda 3 Hatchback - Manual - $1000 OBO,1000,Greenville
2009 kia Sorento 4x4,2700,Fountain Inn
2014 Jeep cherokee Latitude,6995,Fountain Inn
⭐️2015 Porsche Macan Turbo,27500,Greenville
2005 Jeep Wrangler Series X,19500,Greenville
2009 FORD F-150 (LOW MILES),12000,Fountain Inn
HONDA SPORT FIT 2009,4700,Greenville
Ford Fusion 2008,4800,Simpsonville
87 cadillac,4600,Slater
2012 Honda Civic EX,8500,Slater
2019 Nissan Rogue Sport SV AWD,14900,Easley
"2019 Pacifica Touring L , S Appearance",21500,Conestee
2011 Ford F150Just 72K Mile,10900,Simpsonville
1986 toyota pickup 4x4 sr5,4500,Greenville
1999 Mercedes c230 kompressor,4500,Greer
2016 Jeep Wrangler Rubicon,29500,Greer
2012 Ford Escape Limited Sport AWD with low miles,9000,Simpsonville
2007 Hyundai Azera Limited - NEW PRICE,5500,Greenville
Clean title,5500,Greenville
2011 Chevy Express 2500 Extended,12000,Greer
1999 Camaro SS 6 speed built,13500,Piedmont
2014 Dodge Dart Limited,9500,Greenville
1996 Ford Ranger 2.3L 2WD,4500,Simpsonville
2000 Mazda MPV,1200,Greer
2012 Jeep Wrangler Unlimited for sale,15000,Greenville
2017 Hyundai Sonata - Great condition,11999,Simpsonville
2014 Ram 1500 Tradesman 4x4 Price reduced,22700,Mauldin
Red 2014 Chevy Cruze LT,5000,Greenville
2018 Nissan Titan,18750,Greenville
2020 Kenworth T-680,72500,Piedmont
2008 HONDA ACCORD EX-L 2 Door Coupe,8499,Simpsonville